Query,shape_name,Qty,Qty.UOM,material_type,production_process,cold_finishing_process,heat_treated_condition,surface_condition,surface_finish,end_type,edge_type,standard_designation,quality_designation,d_grade,uom_system,d_size,d_height,rebar_size_designation,cross_sectional_area,structural_size_designation,d_depth,flange_thickness,web_thickness,d_sidea,d_sideb,d_width,d_wallthickness,d_outerdiameter,d_innerdiameter,d_nominalsize,d_schedule,d_thickness,d_gauge,d_length,d_swd,d_type,weight_per_length,weight_per_surface_area,weight_per_piece,coating_type,coating_designation,coating_thickness,coating_weightt
"(4) 60  x 144 , 11ga 304 stainless steel, domestic",Sheet,4,piece,Stainless Steel,,,,,,,,,,304,,,,,,,,,,,,60,,,,,,,11,144,,,,,,,,,
Qty (1) ¼  x 96  x 120  304SS plate,Plate,1,piece,Stainless Steel,,,,,,,,,,304,,,,,,,,,,,,96,,,,,,.25,,120,,,,,,,,,
Qty (1) ¼  x 48  x 96  304SS plate,Plate,1,piece,Stainless Steel,,,,,,,,,,304,,,,,,,,,,,,48,,,,,,.25,,96,,,,,,,,,
Qty (2) ½  x 8  x 144  long 304SS flat,Flat Bar,2,piece,Stainless Steel,,,,,,,,,,304,,,,,,,,,,,,8,,,,,,.5,,144,,,,,,,,,
HRANG-.187-1.500X1.500-240.000L qty = 19 ,L-Angle,19,piece,Carbon Steel,Hot-Rolled,,,,,,,,,,,,,,,,,,,1.5,1.5,,,,,,,.187,,240,,,,,,,,,
HRTB-.125-2.000X3.000-240.000L (REC)   qty = 9,Rectangular Tube,9,piece,Carbon Steel,Hot-Rolled,,,,,,,,,,,,3.0,,,,,,,,,2.0,.125,,,,,,,240,,,,,,,,,
1 @ 48 x96 x1/4  304 plate,Plate,1,piece,Stainless Steel,,,,,,,,,,304,,,,,,,,,,,,48.0,,,,,,0.25,,96.0,,,,,,,,,
3 @ 48 x96 x1/4  304 plate,Plate,3,piece,Stainless Steel,,,,,,,,,,304,,,,,,,,,,,,48.0,,,,,,0.25,,96.0,,,,,,,,,
1pc 1 ¾ HR 1045 Round x 20’ R/L,Round Bar,1,piece,Carbon Steel,Hot-Rolled,,,,,,,,,1045,,1.75,,,,,,,,,,,,,,,,,,240,,,,,,,,,
All Aluminum Grade - 6061-T6511 12’2.0 SQ = 2 PCS,Square Bar,2,piece,Aluminum,,,T6511,,,,,,,6061,,2.0,,,,,,,,,,,,,,,,,,144.0,,,,,,,,,
All Aluminum Grade - 6061-T6511 12’1.5 X 2 FLAT = 2 PCS,Flat Bar,2,piece,Aluminum,,,T6511,,,,,,,6061,,,,,,,,,,,,2.0,,,,,,1.5,,144.0,,,,,,,,,
All Aluminum Grade - 6061-T6511 12’.75 X 3 FLAT = 2 PCS,Flat Bar,2,piece,Aluminum,,,T6511,,,,,,,6061,,,,,,,,,,,,3.0,,,,,,0.75,,144.0,,,,,,,,,
All Aluminum Grade - 6061-T6511 12’.50 X 6 FLAT = 2 PCS,Flat Bar,2,piece,Aluminum,,,T6511,,,,,,,6061,,,,,,,,,,,,6.0,,,,,,0.5,,144.0,,,,,,,,,
All Aluminum Grade - 6061-T6511 12’.50 X 3 FLAT = 2 PCS,Flat Bar,2,piece,Aluminum,,,T6511,,,,,,,6061,,,,,,,,,,,,3.0,,,,,,0.5,,144.0,,,,,,,,,
All Aluminum Grade - 6061-T6511 12’.50 X 2 FLAT = 2 PCS,Flat Bar,2,piece,Aluminum,,,T6511,,,,,,,6061,,,,,,,,,,,,2.0,,,,,,0.5,,144.0,,,,,,,,,
1 DOMTU2X1/4 160007087 Carbon Round Tube 1026 DOM 2 1060 FT FT,Round Tube,1060,feet,Carbon Steel,Drawn Over Mandrel,,,,,,,,,1026,,,,,,,,,,,,,.25,2.0,,,,,,1060,,,,,,,,,
"ES-MA-202-2/4 Rev: D Rnd, 4130, Rc-18-22, 6A, 75K, Temp K, 20.2000” Need 2 pcs cut at 10.75” Long Each",Round Bar,2,piece,Alloy Steel,,,,,,,,,,4130,,20.2,,,,,,,,,,,,,,,,,,10.75,,,,,,,,,
15 @ 20 Ga. #4 stainless 48” x 120”,Sheet,15,piece,Stainless Steel,,,,,No 4,,,,,,,,,,,,,,,,,48,,,,,,,20,120,,,,,,,,,
HG011725 5052H32SH.090\ X60\ X120\ (WITH LASERVINYL FILM) - 62.85 LB 2pcs,Sheet,2,piece,Aluminum,,,H32,,,,,,,5052,,,,,,,,,,,,60,,,,,,.090,,120,,,,,62.85,LASER VINYL,,,
HG008568 5052H32SH.190\ X60\ X120\ (PPRINTERLEAVED) - 132.7 LB 4pcs,Sheet,4,piece,Aluminum,,,H32,,,,,,,5052,,,,,,,,,,,,60,,,,,,.190,,120,,,,,132.7,PAPER INTERLEAVED,,,
HG008645 6061T6SH.125\ X60\ X120\ (PPRINTERLEAVED) - 88.2 LB 4pcs,Sheet,4,piece,Aluminum,,,T6,,,,,,,6061,,,,,,,,,,,,60,,,,,,.125,,120,,,,,88.2,PAPER INTERLEAVED,,,
210PCS 1215 CF ROUND 7/16” X 12’,Round Bar,210,piece,Carbon Steel,,Cold Finished,,,,,,,,1215,,.4375,,,,,,,,,,,,,,,,,,144,,,,,,,,,
(70) 7/8  (0.875) RD C12L14 12',Round Bar,70,piece,Carbon Steel,,,,,,,,,,C12L14,,.875,,,,,,,,,,,,,,,,,,144,,,,,,,,,
10 sheets of 12ga x 48 x 96 HRPO STEEL SHEET,Sheet,10,piece,Carbon Steel,Hot-Rolled,,,Pickled Oiled,,,,,,,,,,,,,,,,,,48,,,,,,,12,96,,,,,,,,,
10 sheets of 13ga x 48 x 96 HRPO STEEL SHEET,Sheet,10,piece,Carbon Steel,Hot-Rolled,,,Pickled Oiled,,,,,,,,,,,,,,,,,,48,,,,,,,13,96,,,,,,,,,
5 sheets of .050  x 48  x 12' 3003-H14 Alum sheets,Sheet,5,piece,Aluminum,,,H14,,,,,,,3003,,,,,,,,,,,,48,,,,,,0.5,,144,,,,,,,,,
1 QTY 2.25’’ A36 96x240,Sheet,1,piece,Carbon Steel,,,,,,,,A36/A36M-19,,,,,,,,,,,,,,96,,,,,,2.25,,240,,,,,,,,,
1 QTY 1’’ A36 96x240,Sheet,1,piece,Carbon Steel,,,,,,,,A36/A36M-19,,,,,,,,,,,,,,96,,,,,,1,,240,,,,,,,,,
2 QTY .75’’ A572gr50 96x240,Sheet,2,piece,Carbon Steel,,,,,,,,A572/A572M-18,,GRADE 50,,,,,,,,,,,,96,,,,,,.75,,240,,,,,,,,,
10ga 316 (60 x120 ) - 2,Sheet,2,piece,Stainless Steel,,,,,,,,,,316,,,,,,,,,,,,60,,,,,,,10,120,,,,,,,,,
½” x 8’-0 x 20’-0 SA516 Gr 70 One plate,Plate,1,piece,Carbon Steel,,,,,,,,SA516,,Grade 70,,,,,,,,,,,,96,,,,,,.5,,240,,,,,,,,,
1pc 6 HR 4140 Q&T Round x 29’’,Round Bar,1,piece,Alloy Steel,Hot-Rolled,,Quenched Tempered,,,,,,,4140,,,,,,,,,,,,,,,,,,,,29,,,,,,,,,
16ea 18 ga. x 36  x 96  (304 stainless),Sheet,16,piece,Stainless Steel,,,,,,,,,,304,,,,,,,,,,,,36,,,,,,,18,96,,,,,,,,,
4ea 18 ga. x 48  x 120  (304 stainless),Sheet,4,piece,Stainless Steel,,,,,,,,,,304,,,,,,,,,,,,48,,,,,,,18,120,,,,,,,,,
"Alum Angle 6 X 4.5 X ¾ or closest, one piece.",L-Angle,1,pice,Aluminum,,,,,,,,,,,,,,,,,,,,6,4.5,,,,,,,.75,,?,,,,,,,,,
40 pcs cr sht 24ga 1008 x 48 x 96”,Sheet,40,piece,Carbon Steel,Cold-Rolled,,,,,,,,,1008,,,,,,,,,,,,48,,,,,,,24,96,,,,,,,,,
"1 EA. - 3/8  X 3  FLAT BAR @ 12'-0  LONG, TYPE 304 / 304L STAINLESS STEEL.",Flat Bar,1,piece,Stainless Steel,,,,,,,,,,304,,,,,,,,,,,,3.0,,,,,,.375,,144.0,,,,,,,,,
"10 EA. - 1/4  X 6  FLAT BAR @ 12'-0  LONG, TYPE 304 / 304L STAINLESS STEEL.",Flat Bar,10,piece,Stainless Steel,,,,,,,,,,304,,,,,,,,,,,,6.0,,,,,,.25,,144.0,,,,,,,,,
"10 EA. - 9  X 40  X 1/4 , TYPE 304 / 304L STAINLESS STEEL.",Sheet,10,piece,Stainless Steel,,,,,,,,,,304,,,,,,,,,,,,9,,,,,,.25,,40,,,,,,,,,
1 3/8'' RD SS174-4 H1150 50/100 BARS 12 FT EA,Round Bar,50,piece,Stainless Steel,,,H1150,,,,,,,17-4,,1.375,,,,,,,,,,,,,,,,,,144,,,,,,,,,
16 ga galvannealed x 48 x 120 – 30 sheets.,Sheet,30,piece,Carbon Steel,,,,Galvannealed,,,,,,,,,,,,,,,,,,48,,,,,,,16,120,,,,,,,,,
"(50) sheets of 4’ x 10’, 3/16” stainless steel plate, type 304",Plate,50,piece,Stainless Steel,,,,,,,,,,304,,,,,,,,,,,,48,,,,,,.1875,,120,,,,,,,,,
1 stick T316 ¼” x 2” x 2” x 20’ angle,L-Angle,1,piece,Stainless Steel,,,,,,,,,,316,,,,,,,,,,2.0,2.0,,,,,,,.25,,240,,,,,,,,,
"1 pc T316 SS 3/16” x 72” plate cut @ 38-3/4”, 0/-1/8” tolerance mill edge ok",Plate,1,piece,Stainless Steel,,,,,,,Mill,,,316,,,,,,,,,,,,38.75,,,,,,.1875,,72,,,,,,,,,
1 stick T316 ¼” x 3” x 3” x 20’ angle,L-Angle,1,piece,Stainless Steel,,,,,,,,,,316,,,,,,,,,,3.0,3.0,,,,,,,.25,,240,,,,,,,,,
(4) sheets ¼” stainless steel plate (type 304) 60”x120”,Plate,4,piece,Stainless Steel,,,,,,,,,,304,,,,,,,,,,,,60,,,,,,0.25,,120,,,,,,,,,
(3) 11 ga sheet 304SS 48 x 96,Sheet,3,piece,Stainless Steel,,,,,,,,,,304,,,,,,,,,,,,48,,,,,,,11,96,,,,,,,,,
"Aluminum sheet,6061T651,0.25,48x96 (2sheets)",Sheet,2,piece,Aluminum,,,T651,,,,,,,6061,,,,,,,,,,,,48,,,,,,0.25,,96,,,,,,,,,
.100 5052 AL X 60 X 120 QTY 1,Sheet,1,piece,Aluminum,,,,,,,,,,5052,,,,,,,,,,,,60,,,,,,.100,,120,,,,,,,,,
.190 5052 AL X 60 X 120 QTY 1,Sheet,1,piece,Aluminum,,,,,,,,,,5052,,,,,,,,,,,,60,,,,,,.190,,120,,,,,,,,,
.09 5052 AL X 60 X 120 QTY 1,Sheet,1,piece,Aluminum,,,,,,,,,,5052,,,,,,,,,,,,60,,,,,,.09,,120,,,,,,,,,
30k lbs of 1.625 RD Aluminum 6061,Round Bar,30000,lb,Aluminum,,,,,,,,,,6061,,1.625,,,,,,,,,,,,,,,,,,?,,,,,,,,,
"MATL: 1.00  DIA X 12FT 17-4 COND  A  ASTM A 564 OR AMS 5643, DOMESTIC 38 bars",Round Bar,38,piece,Stainless Steel,,,Condition A,,,,,A564/A564M-19a,,17-4,,1.0,,,,,,,,,,,,,,,,,,144,,,,,,,,,
30) 3/16 round SS rods,Round Bar,30,piece,Stainless Steel,,,,,,,,,,,,.1875,,,,,,,,,,,,,,,,,,?,,,,,,,,,
10) 1/2  x 1 3/4  304SS true bar,Flat Bar,10,piece,Stainless Steel,,,,,,,Rolled Edge,,,304,,,,,,,,,,,,1.75,,,,,,.5,,?,,,,,,,,,
Qty 50 12ft 3\8x 1in flat bar 304ss,Flat Bar,50,piece,Stainless Steel,,,,,,,,,,304,,,,,,,,,,,,1,,,,,,.375,,144,,,,,,,,,
2 x 2 x 1/8 wall Sq tube 304ss Qty 30,Square Tube,30,piece,Stainless Steel,,,,,,,,,,304,,,2,,,,,,,,,2,.125,,,,,,,?,,,,,,,,,
4 PCS – 0.188” 5052 4 x 8,Sheet,4,piece,Aluminum,,,,,,,,,,5052,,,,,,,,,,,,48,,,,,,.188,,96,,,,,,,,,
"1 PC - Square Tubing, Aluminum, Round Corners - 4'' x 4'' x .25'' Wall – 20’ Long",Square Tube,1, piece,Aluminum,,,,,,,,,,,,,4,,,,,,,,,4,.25,,,,,,,240,,,,,,,,,
"1 PC - Pipe, Aluminum, 1.00'' Nominal, Schedule 40, 1.315'' Outside Dia., 0.133'' Wall Thickness – 20’ Long",Pipe,1,piece,Aluminum,,,,,,,,,,,,,,,,,,,,,,,0.133,1.315,,1.0,40,,,240,,,,,,,,,
15 pcs 16ga cr sht 1008 4 x 10,Sheet,15,piece,Carbon Steel,Cold-Rolled,,,,,,,,,1008,,,,,,,,,,,,48,,,,,,,16,120,,,,,,,,,
15 pcs 20ga cr sht 1008 4 x 10,Sheet,15,piece,Carbon Steel,Cold-Rolled,,,,,,,,,1008,,,,,,,,,,,,48,,,,,,,20,120,,,,,,,,,
3000lbs 48x96” 1/8” Aluminum 5052,Sheet,3000,lb,Aluminum,,,,,,,,,,5052,,,,,,,,,,,,48,,,,,,.125,,96,,,,,,,,,
3000lbs 48x83.5” 16ga galvanized,Sheet,3000,lb,Carbon Steel,,,,Galvanized,,,,,,,,,,,,,,,,,,48,,,,,,,16,83.5,,,,,,,,,
2000lbs 48x91” 18ga galvanized,Sheet,2000,lb,Carbon Steel,,,,Galvanized,,,,,,,,,,,,,,,,,,48,,,,,,,18,91,,,,,,,,,
6061 round tube 2pc 2 OD x .250  x 12',Round Tube,2,piece,Aluminum,,,,,,,,,,6061,,,,,,,,,,,,,.25,2,,,,,,144,,,,,,,,,
6061 round tube 1pc 2.5  OD x .250  wall x 24-36 ,Round Tube,1,piece,Aluminum,,,,,,,,,,6061,,,,,,,,,,,,,.25,2.5,,,,,,24,,,,,,,,,
"1 EA. - 3/8  X 3  FLAT BAR @ 12'-0  LONG, TYPE 304 / 304L STAINLESS STEEL.",Flat Bar,1,piece,Stainless Steel,,,,,,,,,,304,,,,,,,,,,,,3,,,,,,.375,,144,,,,,,,,,
1@ L 3x3x ¼” angle at 20’,L-Angle,1,piece,Carbon Steel,,,,,,,,,,,,,,,,L3x3x1/4,,,,3,3,,,,,,,.25,,240,,,,,,,,,
1@ L6x4x ?” angle at 20’,L-Angle,1,piece,Carbon Steel,,,,,,,,,,,,,,,,L6x4x,,,,6,4,,,,,,,?,,240,,,,,,,,,
6@ 1½” Sch40 pipe at 20’,Pipe,6,piece,Carbon Steel,,,,,,,,,,,,,,,,,,,,,,,,,,1.5,40,,,240,,,,,,,,,
1@ ½”x 2” flat bar at 12’,Flat Bar,1,piece,Carbon Steel,,,,,,,,,,,,,,,,,,,,,,2,,,,,,.5,,144,,,,,,,,,
5 sheets 12 GA CRS 48 X 144,Sheet,5,piece,Carbon Steel,Cold-Rolled,,,,,,,,,,,,,,,,,,,,,48,,,,,,,12,144,,,,,,,,,
10 sheets 51019 14 GA CRS 48x120,Sheet,10,piece,Carbon Steel,Cold-Rolled,,,,,,,,,1019,,,,,,,,,,,,48,,,,,,,14,120,,,,,,,,,
"Mild Steel CRS 1018 Square Bar, 1.5  x 144  - Certs Required - X2",Square Bar,2,piece,Carbon Steel,Cold-Rolled,,,,,,,,,1018,,1.5,,,,,,,,,,,,,,,,,,144,,,,,,,,,
"Stainless Steel 304 Hex Bar, 0.625  x 144  - Certs Required - X1",Hex Bar,1,piece,Stainless Steel,,,,,,,,,,304,,0.625,,,,,,,,,,,,,,,,,,144,,,,,,,,,
12 bars - 1-1/8  round 304 SS x 12',Round Bar,12,piece,Stainless Steel,,,,,,,,,,304,,1.125,,,,,,,,,,,,,,,,,,144,,,,,,,,,
Qty (4)- 4' x 8' x.125 HRS Plate,Plate,4,piece,Carbon Steel,Hot-Rolled,,,,,,,,,,,,,,,,,,,,,48,,,,,,.125,,96,,,,,,,,,
"½” x 6” CRS, 3 full lengths",Flat Bar,3,piece,Carbon Steel,Cold-Rolled,,,,,,,,,,,,,,,,,,,,,6,,,,,,.5,,?,,,,,,,,,
"¼” x 1” CRS, 2 full lengths",Flat Bar,2,piece,Carbon Steel,Cold-Rolled,,,,,,,,,,,,,,,,,,,,,1,,,,,,.25,,?,,,,,,,,,
2 pcs 60 x 120 x ¼ 316 Stainless Plate,Plate,2,piece,Stainless Steel,,,,,,,,,,316,,,,,,,,,,,,60,,,,,,.25,,120,,,,,,,,,
(1) 4  Sch 10 SS 304 Pipe 20'...,Pipe,1,piece,Stainlness Steel,,,,,,,,,,304,,,,,,,,,,,,,,,,4,10,,,240,,,,,,,,,
(1) 12  Sch 10 SS 304 Pipe 20'...,Pipe,1,piece,Stainlness Steel,,,,,,,,,,304,,,,,,,,,,,,,,,,12,10,,,240,,,,,,,,,
(1) 14  Sch 10 SS 304 Pipe 20'..,Pipe,1,piece,Stainlness Steel,,,,,,,,,,304,,,,,,,,,,,,,,,,14,10,,,240,,,,,,,,,
10 sticks of 1 x3 x1/8  AL rect tube,Rectangular Tube,10,piece,Aluminum,,,,,,,,,,,,,3,,,,,,,,,1,.125,,,,,,,?,,,,,,,,,
1@48 x96 x3/8  pickled and oiled plate,Plate,1,piece,Carbon Steel,,,,Pickled Oiled,,,,,,,,,,,,,,,,,,48,,,,,,.375,,96,,,,,,,,,
"00077RSS 0.063  X 48.00 X 96.00, 5052-H32 ALUMINUM SHEET. (6) Sheets",Sheet,6,piece,Aluminum,,,H32,,,,,,,5052,,,,,,,,,,,,48,,,,,,.063,,96,,,,,,,,,
Plat aluminium ½  x 5  x 20' 1x,Plate,1,piece,Aluminum,,,,,,,,,,,,,,,,,,,,,,5,,,,,,.5,,240,,,,,,,,,
Plat aluminium ¼  x 3-1/2  x 20' 1x,Plate,1,piece,Aluminum,,,,,,,,,,,,,,,,,,,,,,3.5,,,,,,.25,,240,,,,,,,,,
"Qty. (20) ¼” Plates 5052-H32 Aluminum, 48” x 120”.",Plate,10,piece,Aluminum,,,H32,,,,,,,5052,,,,,,,,,,,,48,,,,,,.25,,120,,,,,,,,,
1 PC – 11 Ga 316 2B SS 4’ x 10’,Sheet,1,piece,Stainless Steel,,,,,2B,,,,,316,,,,,,,,,,,,48,,,,,,,11,120,,,,,,,,,
60’ – 1’’ x 2’’(304) HSS 1/8’’wall,Rectangular Tube,60,feet,Stainless Steel,,,,,,,,,,304,,,1,,,,,,,,,2,.125,,,,,,,720,,,,,,,,,
40’ – 3/16’’ x 2’’(304) flat bar,Flat Bar,40,feet,Stainless Steel,,,,,,,,,,304,,,,,,,,,,,,2,,,,,,.1875,,480,,,,,,,,,
QTY 8 48 x 120 x 24 GA cold rolled,Sheet,8,piece,Stainless Steel,Cold-Rolled,,,,,,,,,,,,,,,,,,,,,48,,,,,,,24,120,,,,,,,,,
40 inch drop of GTM Item# RM1039 (2.375 RD 8620 CF BQ).,Round Bar,1,piece,Alloy Steel,,Cold Finished,,,,,,,,8620,,2.375,,,,,,,,,,,,,,,,,,40,,,,,,,,,
6 sheets of 1/8 stainless steel 304 checker plate 4 x 10,Plate,6,piece,Stainless Steel,,,,,TREAD,,,,,304,,,,,,,,,,,,48,,,,,,.25,,120,,,,,,,,,
316L PL1/4” 48x360 – 1pc,Plate,1,piece,Stainless Steel,,,,,,,,,,316L,,,,,,,,,,,,48,,,,,,.25,,360,,,,,,,,,
316L. PL1/4” 96x240 – 1pc,Plate,1,piece,Stainless Steel,,,,,,,,,,316L,,,,,,,,,,,,96,,,,,,.25,,240,,,,,,,,,
(5) 12 GA 1-1/2  X 4-3/4  X 12' CQ GRIP STRUT,Grip Strut , 5 ,  piece ,  Carbon Steel ,  ,  ,  ,  ,  ,  ,  ,  , CQ ,  , Imperial ,  ,  ,  ,  ,  , 1.5 ,  ,  ,  ,  , 4.75 ,  ,  ,  ,  ,  ,  , 12 , 144 ,,,  ,  ,  ,  ,  ,  ,
(7) 12 GA 2 X 7 X 144 CQ GRIP STRUT,Grip Strut , 7 ,  piece ,  Carbon Steel ,  ,  ,  ,  ,  ,  ,  ,  , CQ ,  , Imperial ,  ,  ,  ,  ,  ,2,  ,  ,  ,  ,7,  ,  ,  ,  ,  ,  , 12 , 144 ,,,  ,  ,  ,  ,  ,  ,
12 GA GRIP STRUT 2 X 18-3/4  - 144 (10),Grip Strut , 10 ,  piece ,  Carbon Steel ,  ,  ,  ,  ,  ,  ,  ,  ,  ,  , Imperial ,  ,  ,  ,  ,  , 2 ,  ,  ,  ,  , 18.75 ,  ,  ,  ,  ,  ,  , 12 , 144 ,,,  ,  ,  ,  ,  ,  ,
1-1/2 X 7  X 12' 12GA GRIP STRUT 2 nos.,Grip Strut , 2 ,  piece ,  Carbon Steel ,  ,  ,  ,  ,  ,  ,  ,  ,  ,  , Imperial ,  ,  ,  ,  ,  ,1.5,  ,  ,  ,  ,7,  ,  ,  ,  ,  ,  , 12 ,144,,,  ,  ,  ,  ,  ,  ,
2 X 7 X 12' 14GA CQ GRIP STRUT (8),Grip Strut , 8 ,  piece ,  Carbon Steel ,  ,  ,  ,  ,  ,  ,  ,  , CQ ,  , Imperial ,  ,  ,  ,  ,  ,2,  ,  ,  ,  ,7,  ,  ,  ,  ,  ,  , 14 , 144 ,,,  ,  ,  ,  ,  ,  ,
(2 pcs) 12GA CQ GRIP STRUT 1-1/2 X 9-1/2  - 12',Grip Strut , 2 ,  piece ,  Carbon Steel ,  ,  ,  ,  ,  ,  ,  ,  , CQ ,  , Imperial ,  ,  ,  ,  ,  ,1.5,  ,  ,  ,  ,9.5,  ,  ,  ,  ,  ,  , 12 , 144 ,,,  ,  ,  ,  ,  ,  ,
7 nos. 1-1/2 X 11-3/4  12 GA GRIP STRUT 12' LENGTHS,Grip Strut , 7 ,  nos. ,  Carbon Steel ,  ,  ,  ,  ,  ,  ,  ,  ,  ,  , Imperial ,  ,  ,  ,  ,  , 1.5 ,  ,  ,  ,  , 11.75 ,  ,  ,  ,  ,  ,  , 12 , 144 ,,,  ,  ,  ,  ,  ,  ,
"Alum. Grip Strut Stair Tread 10 x36 , 14GA Serrated w/ Nosing, Qty: 30",Grip Strut , 30 ,  piece ,  Aluminum ,  ,  ,  ,,  Serrated ,  ,Nosing,  ,  ,  , Imperial ,  ,  ,  ,  ,  ,  ,  ,  ,  ,  ,  ,  ,  ,  ,  ,  ,  ,  ,  ,,,  ,  ,  ,  ,  ,  ,
"(20) Grip Strut SS, 24 x96 , 10GA",Grip Strut , 20 ,  piece ,  Stainless Steel ,  ,  ,  ,  ,  ,  ,  ,  ,  ,  , Imperial ,  ,  ,  ,  ,  ,  ,  ,  ,  ,  , 24 ,  ,  ,  ,  ,  ,  , 10 , 96 ,,,  ,  ,  ,  ,  ,  ,
"48 x120 , 11GA Grip Strut Plank, Hot-Dip Galv Steel (40)",Grip Strut , 40 ,  piece ,  Carbon Steel ,  ,  ,  ,  Galvanized ,  ,  ,  ,  ,  ,  , Imperial ,  ,  ,  ,  ,  ,  ,  ,  ,  ,  , 48 ,  ,  ,  ,  ,  ,  , 11 , 120 ,,,  ,  ,  ,  ,  ,  ,
"(100) Al Grip Strut Ladder Rung 2 x24 , 12GA, Serrated, Anodized",Grip Strut , 100 ,  piece ,  Aluminum ,  ,  ,  ,  Anodized ,  Serrated ,,  ,  ,  ,  , Imperial ,  ,  ,  ,  ,  ,  ,  ,  ,  ,  , 2 ,  ,  ,  ,  ,  ,  , 12 , 24 ,,,  ,  ,  ,  ,  ,  ,
24 x96  14GA Galvanized Steel Grip Strut Plank 60 nos.,Grip Strut , 60 ,  piece ,  Carbon Steel ,  ,  ,  ,  Galvanized ,  ,  ,  ,  ,  ,  , Imperial ,,,  ,  ,  ,  ,  ,  ,  ,  ,24,  ,  ,  ,  ,  ,  ,14,96,,,  ,  ,  ,  ,  ,  ,
"Grip Strut Walkway, Alum., 36 x120 , 12GA, Serrated - Qty: 15",Grip Strut , 15 ,  piece ,  Aluminum ,  ,  ,  ,,  Serrated ,  ,  ,  ,  ,  , Imperial ,  ,  ,  ,  ,  ,  ,  ,  ,  ,  , 36 ,  ,  ,  ,  ,  ,  , 12 , 120 ,,,  ,  ,  ,  ,  ,  ,
Hot-Dip Galv Steel Grip Strut 30 x96  13GA (45),Grip Strut , 45 ,  piece ,  Carbon Steel ,,  ,  ,  Galvanized ,  ,  ,  ,  ,  ,  , Imperial ,  ,  ,  ,  ,  ,  ,  ,  ,  ,  , 30 ,  ,  ,  ,  ,  ,  , 13 , 96 ,,,  ,  ,  ,  ,  ,  ,
Galv. Steel Grip Strut Channel 24 x120  11GA 20 pcs,Grip Strut , 20 ,  piece ,  Carbon Steel ,  ,  ,  ,  Galvanized ,  ,  ,  ,  ,  ,  , Imperial ,  ,  ,  ,  ,  ,  ,  ,  ,  ,  , 24 ,  ,  ,  ,  ,  ,  , 11 , 120 ,,,  ,  ,  ,  ,  ,  ,
SS 3x30 14GA Grip Strut Serrated Ladder Rung Mill Finish (80),Grip Strut , 80 ,  piece ,  Stainless Steel ,  ,  ,  ,  Mill ,  Serrated ,  ,,  ,  ,  , Imperial ,,,  ,  ,  ,  ,  ,  ,  ,  ,3,  ,  ,  ,  ,  ,  , 14 ,30,,,  ,  ,  ,  ,  ,  ,
"Al Grip Strut Plank, 48 x120 10GA 25nos.",Grip Strut , 25 ,  piece ,  Aluminum ,  ,  ,  ,  ,  ,  ,  ,  ,  ,  , Imperial ,  ,  ,  ,  ,  ,  ,  ,  ,  ,  , 48 ,  ,  ,  ,  ,  ,  , 10 , 120 ,,,  ,  ,  ,  ,  ,  ,
"Grip Strut Walkway, 14GA,Galv. Steel, 30 x96 , 30 pieces",Grip Strut , 30 ,  piece ,  Carbon Steel ,  ,  ,  ,  Galvanized ,  ,  ,  ,  ,  ,  , Imperial ,  ,  ,  ,  ,  ,  ,  ,  ,  ,  , 30 ,  ,  ,  ,  ,  ,  , 14 , 96 ,,,  ,  ,  ,  ,  ,  ,
"(40) SS, 36 x120  12GA Grip Strut Plank, Mill Finish",Grip Strut , 40 ,  piece ,  Stainless Steel ,  ,  ,  ,  Mill ,,  ,  ,  ,  ,  , Imperial ,  ,  ,  ,  ,  ,  ,  ,  ,  ,  , 36 ,  ,  ,  ,  ,  ,  , 12 , 120 ,,,  ,  ,  ,  ,  ,  ,
13GA Al Grip Strut Channel 18 x96  Qty: 35,Grip Strut , 35 ,  piece ,  Aluminum ,  ,  ,  ,  ,  ,  ,  ,  ,  ,  , Imperial ,  ,  ,  ,  ,  ,  ,  ,  ,  ,  , 18 ,  ,  ,  ,  ,  ,  , 13 , 96 ,,,  ,  ,  ,  ,  ,  ,
Grip Strut 2x24 12GA Hot-Dip Galv (90),Grip Strut , 90 ,  piece ,  Carbon Steel ,  ,  ,  ,  Galvanized ,  ,  ,  ,  ,  ,  , Imperial ,  ,  ,  ,  ,  ,  ,  ,  ,  ,  , 2 ,  ,  ,  ,  ,  ,  , 12 , 24 ,,,  ,  ,  ,  ,  ,  ,
"Galvanized Steel Grip Strut, 11GA 24 x120 , 90 pcs",Grip Strut , 90 ,  piece ,  Carbon Steel ,  ,  ,  ,  Galvanized ,  ,  ,  ,  ,  ,  , Imperial ,  ,  ,  ,  ,  ,  ,  ,  ,  ,  , 24 ,  ,  ,  ,  ,  ,  , 11 , 120 ,,,  ,  ,  ,  ,  ,  ,
Stair Tread Grip Strut SS 10 x36  14GA - Qty: 25,Grip Strut , 25 ,  piece ,  Stainless Steel ,  ,  ,  ,  ,  ,  ,  ,  ,  ,  , Imperial ,  ,  ,  ,  ,  ,  ,  ,  ,  ,  , 10 ,  ,  ,  ,  ,  ,  , 14 , 36 ,,,  ,  ,  ,  ,  ,  ,
(2) 3/4 #9 x 48LWD x 96 SWD Std Exp Metal,Expanded Metal , 2 ,  piece ,  Carbon Steel ,  ,  ,  ,,  ,  ,  ,  ,  ,  , Imperial ,,,  ,  ,  ,  ,  ,  ,  ,  , 48 ,  ,  ,  ,  ,  ,  , 9 , 96 ,0.75,,  ,  ,  ,  ,  ,  ,
Expanded Metal Galv. Steel 4’x8’ 3/4  #9 Raised - Qty: 100,Expanded Metal , 100 ,  piece ,  Carbon Steel ,  ,  ,  ,  Galvanized ,  ,  ,  ,  ,  ,  , Imperial ,,,  ,  ,  ,  ,  ,  ,  ,  , 48 ,  ,  ,  ,  ,  ,  , 9 , 96 , 0.75 , Standard ,  ,  ,  ,  ,  ,  ,
(75) Flattened X-Metal Al 4’x10’ 1/2  #13,Expanded Metal , 75 ,  piece ,  Aluminum ,  ,  ,  ,  ,  ,  ,  ,  ,  ,  , Imperial ,,,  ,  ,  ,  ,  ,  ,  ,  , 48 ,  ,  ,  ,  ,  ,  , 13 , 120 , 0.75 , Flattened ,  ,  ,  ,  ,  ,  ,
1  #16 Raised Exp Metal SS 3’x8’ - Qty: 50,Expanded Metal , 50 ,  piece ,  Stainless Steel ,  ,  ,  ,  ,  ,  ,  ,  ,  ,  , Imperial ,,,  ,  ,  ,  ,  ,  ,  ,  , 36 ,  ,  ,  ,  ,  ,  , 16 , 96 , 0.5 , Standard ,  ,  ,  ,  ,  ,  ,
X-Metal 3/4  #9 Flattened 5’x10’ (60),Expanded Metal , 60 ,  piece ,  Carbon Steel ,  ,  ,  ,  ,  ,  ,  ,  ,  ,  , Imperial ,,,  ,  ,  ,  ,  ,  ,  ,  , 60 ,  ,  ,  ,  ,  ,  , 9 , 120 , 1 , Flattened ,  ,  ,  ,  ,  ,  ,
80 sheets Galv X Metal 3’x6’ 1/2  #16 Raised,Expanded Metal , 80 ,  piece ,  Carbon Steel ,  ,  ,  ,  Galvanized ,  ,  ,  ,  ,  ,  , Imperial ,,,  ,  ,  ,  ,  ,  ,  ,  , 36 ,  ,  ,  ,  ,  ,  , 16 , 72 , 0.75 , Standard ,  ,  ,  ,  ,  ,  ,
"SS Exp Metal 4’LWDx8’SWD 1/2  #9 Raised, 90 sheets",Expanded Metal , 90 ,  piece ,  Stainless Steel ,  ,  ,  ,  ,  ,  ,  ,  ,  ,  , Imperial ,,,  ,  ,  ,  ,  ,  ,  ,  , 48 ,  ,  ,  ,  ,  ,  , 9 , 96 , 0.5 , Standard ,  ,  ,  ,  ,  ,  ,
70 nos. X-Metal 4’x10’ 1  #13 Flattened sheets,Expanded Metal , 70 ,  piece ,  Carbon Steel ,  ,  ,  ,  ,  ,  ,  ,  ,  ,  , Imperial ,,,  ,  ,  ,  ,  ,  ,  ,  , 48 ,  ,  ,  ,  ,  ,  , 13 , 120 , 1 , Flattened ,  ,  ,  ,  ,  ,  ,
Galv. Steel X-Metal 2’x4’ 3/4  #16 Raised - Qty: 120,Expanded Metal , 120 ,  piece ,  Carbon Steel ,  ,  ,  ,  Galvanized ,  ,  ,  ,  ,  ,  , Imperial ,,,  ,  ,  ,  ,  ,  ,  ,  , 24 ,  ,  ,  ,  ,  ,  , 16 , 48 , 0.75 , Standard ,  ,  ,  ,  ,  ,  ,
"Steel X-Metal 5’x10’ 3/4  #13 Raised, 55 sheets",Expanded Metal , 55 ,  piece ,  Carbon Steel ,  ,  ,  ,  ,  ,  ,  ,  ,  ,  , Imperial ,,,  ,  ,  ,  ,  ,  ,  ,  , 60 ,  ,  ,  ,  ,  ,  , 13 , 120 , 0.75 , Standard ,  ,  ,  ,  ,  ,  ,
SS X-Metal 4’x12’ 1  #16 Flattened - Qty: 85,Expanded Metal , 85 ,  piece ,  Stainless Steel ,  ,  ,  ,  ,  ,  ,  ,  ,  ,  , Imperial ,,,  ,  ,  ,  ,  ,  ,  ,  , 48 ,  ,  ,  ,  ,  ,  , 16 , 144 , 1 , Flattened ,  ,  ,  ,  ,  ,  ,
(95) 1/2  #9 Raised Galv. Steel X-Metal 3’x6’,Expanded Metal , 95 ,  piece ,  Carbon Steel ,  ,  ,  ,  Galvanized ,  ,  ,  ,  ,  ,  , Imperial ,,,  ,  ,  ,  ,  ,  ,  ,  , 36 ,  ,  ,  ,  ,  ,  , 9 , 72 ,0.5, Standard ,  ,  ,  ,  ,  ,  ,
Al X-Metal 3/4  #16x4’x8’ Flattened Qty 50,Expanded Metal , 50 ,  piece ,  Aluminum ,  ,  ,  ,  ,  ,  ,  ,  ,  ,  , Imperial ,,,  ,  ,  ,  ,  ,  ,  ,  , 48 ,  ,  ,  ,  ,  ,  , 16 , 96 , 0.75 , Flattened ,  ,  ,  ,  ,  ,  ,
SS 2’x4’ 1/2  #13 X-Metal Raised (110nos.),Expanded Metal , 110 ,  piece ,  Stainless Steel ,  ,  ,  ,  ,,  ,  ,  ,  ,  , Imperial ,,,  ,  ,  ,  ,  ,  ,  ,  , 24 ,  ,  ,  ,  ,  ,  , 13 , 48 , 0.5 , Standard ,  ,  ,  ,  ,  ,  ,
Steel X-Metal 5’x10’ 3/4  #9 Flattened - Qty: 75,Expanded Metal , 75 ,  piece ,  Carbon Steel ,  ,  ,  ,  ,  ,  ,  ,  ,  ,  , Imperial ,,,  ,  ,  ,  ,  ,  ,  ,  , 60 ,  ,  ,  ,  ,  ,  , 9 , 120 , 0.75 , Flattened ,  ,  ,  ,  ,  ,  ,
"Flattened Al X-Metal 3’x6’ 1/2  #16, 60 shts",Expanded Metal , 60 ,  piece ,  Aluminum ,  ,  ,  ,  ,  ,  ,  ,  ,  ,  , Imperial ,  ,  ,  ,  ,  ,  ,  ,  ,  ,  , 36 ,  ,  ,  ,  ,  ,  , 16 , 72 , 0.5 , Flattened ,  ,  ,  ,  ,  ,  ,
80 sheets of 4’x10’ 3/4  #9 Raised SS Exp Metal,Expanded Metal , 80 ,  piece ,  Stainless Steel ,  ,  ,  ,  ,  ,  ,  ,  ,  ,  , Imperial ,  ,  ,  ,  ,  ,  ,  ,  ,  ,  , 48 ,  ,  ,  ,  ,  ,  , 9 , 120 , 0.75 , Standard ,  ,  ,  ,  ,  ,  ,
(90) 3’x8’ 1  #13 Steel Exp Metal sheet,Expanded Metal , 90 ,  piece ,  Carbon Steel ,  ,  ,  ,  ,  ,  ,  ,  ,  ,  , Imperial ,  ,  ,  ,  ,  ,  ,  ,  ,  ,  , 36 ,  ,  ,  ,  ,  ,  , 13 , 96 , 1 ,,  ,  ,  ,  ,  ,  ,
1 X 3/16  x 24 x 240 CQ BAR GRATE (5),Bar Grating , 1 ,  piece ,  Carbon Steel ,  ,  ,  ,  ,  ,  ,  ,  , CQ ,  , Imperial ,, 1 ,  ,  ,  ,  ,  ,  ,  ,  , 24 ,  ,  ,  ,  ,  ,0.1875,  , 240 ,,,  ,  ,  ,  ,  ,  ,
5 nos. 1 1/4  x 3/16  x 2' x 20' CQ BAR GRATE,Bar Grating , 5 ,  piece ,  Carbon Steel ,  ,  ,  ,  ,  ,  ,  ,  , CQ ,  , Imperial ,,1.25,  ,  ,  ,  ,  ,  ,  ,  , 24 ,  ,  ,  ,  ,  ,0.1875,  , 240 ,,,  ,  ,  ,  ,  ,  ,
"Qty. 6, 19-W-4 1 x 3/16 x 36 - 240 BAR GRATE",Bar Grating , 6 ,  piece ,  Carbon Steel ,  ,  ,  ,  ,  ,  ,  ,  ,  ,  , Imperial ,, 1 ,  ,  ,  ,  ,  ,  ,  ,  , 36 ,  ,  ,  ,  ,  , 0.1875 ,  , 240 ,, 19W4 ,  ,  ,  ,  ,  ,  ,
"19-W-4 1 x 3/16  x 42 - 20' - 0 CQ GRATE, 5 pieces",Bar Grating , 5 ,  piece ,  Carbon Steel ,  ,  ,  ,  ,  ,  ,  ,  , CQ ,  , Imperial ,, 1 ,  ,  ,  ,  ,  ,  ,  ,  , 42 ,  ,  ,  ,  ,  , 0.1875 ,  , 240 ,, 19W4 ,  ,  ,  ,  ,  ,  ,
(15) 19W4 1x3/16 x24x288 BAR GRATING,Bar Grating , 15 ,  piece ,  Carbon Steel ,  ,  ,  ,  ,  ,  ,  ,  ,  ,  , Imperial ,, 1 ,  ,  ,  ,  ,  ,  ,  ,  , 24 ,  ,  ,  ,  ,  , 0.1875 ,  , 288 ,, 19W4 ,  ,  ,  ,  ,  ,  ,
Al Bar Grating 11-P-2 24 x96  1-1/4 x1/8  - Qty: 40,Bar Grating , 40 ,  piece ,  Aluminum ,  ,  ,  ,  ,  ,  ,  ,  ,  ,  , Imperial ,, 1.25 ,  ,  ,  ,  ,  ,  ,  ,  , 24 ,  ,  ,  ,  ,  , 0.125 ,  , 96 ,, 11P2 ,  ,  ,  ,  ,  ,  ,
15R2 SS Riveted Bar Grating 48 x120  2 x3/16  30nos.,Bar Grating , 30 ,  piece ,  Stainless Steel ,  ,  ,  ,  ,  ,  ,  ,  ,  ,  , Imperial ,, 2 ,  ,  ,  ,  ,  ,  ,  ,  , 48 ,  ,  ,  ,  ,  , 0.1875 ,  , 120 ,, 15R2 ,  ,  ,  ,  ,  ,  ,
11-W-4 Grating 36 x96  Qty: 50,Bar Grating , 50 ,  piece ,  Carbon Steel ,  ,  ,  ,  ,  ,  ,  ,  ,  ,  , Imperial ,,  ,  ,  ,  ,  ,  ,  ,  ,  , 36 ,  ,  ,  ,  ,  ,  ,  , 96 ,, 11W4 ,  ,  ,  ,  ,  ,  ,
Galv Bar Grating 11W4 24 x120  Qty: 70,Bar Grating , 70 ,  piece ,  Carbon Steel ,  ,  ,  ,  Galvanized ,  ,  ,  ,  ,  ,  , Imperial ,,  ,  ,  ,  ,  ,  ,  ,  ,  , 24 ,  ,  ,  ,  ,  ,  ,  , 120 ,, 11W4 ,  ,  ,  ,  ,  ,  ,
Al Bar Grating 15P2 36 x96  1-1/4 x3/16  (60),Bar Grating , 60 ,  piece ,  Aluminum ,  ,  ,  ,  ,  ,  ,  ,  ,  ,  , Imperial ,, 1.25 ,  ,  ,  ,  ,  ,  ,  ,  , 36 ,  ,  ,  ,  ,  , 0.1875 ,  , 96 ,, 15P2 ,  ,  ,  ,  ,  ,  ,
SS 11-R-4 2 x1/4  Bar Grate 24 x120  (40),Bar Grating , 40 ,  piece ,  Stainless Steel ,  ,  ,  ,  ,  ,  ,  ,  ,  ,  , Imperial ,,2,  ,  ,  ,  ,  ,  ,  ,  , 24 ,  ,  ,  ,  ,  ,0.25,  , 120 ,, 11R2 ,  ,  ,  ,  ,  ,  ,
(90) 19W2 Grating 1-1/2x3/16 48 x120 ,Bar Grating , 90 ,  piece ,  Carbon Steel ,  ,  ,  ,  ,  ,  ,  ,  ,  ,  , Imperial ,  , 1.5 ,  ,  ,  ,  ,  ,  ,  ,  , 48 ,  ,  ,  ,  ,  , 0.1875 ,  , 120 ,, 19W2 ,  ,  ,  ,  ,  ,  ,
Galvanized Bar Grating 36 x96  1 x1/4  19-R-5 (50),Bar Grating , 50 ,  piece ,  Carbon Steel ,  ,  ,  ,  Galvanized ,  ,  ,  ,  ,  ,  , Imperial ,  , 1 ,  ,  ,  ,  ,  ,  ,  ,  , 36 ,  ,  ,  ,  ,  , 0.25 ,  , 96 ,, 19R5 ,  ,  ,  ,  ,  ,  ,
"11P4 Al Grating 24x120, Qty: 80",Bar Grating , 80 ,  piece ,  Aluminum ,  ,  ,  ,  ,  ,  ,  ,  ,  ,  , Imperial ,  ,  ,  ,  ,  ,  ,  ,  ,  ,  , 24 ,  ,  ,  ,  ,  ,  ,  , 120 ,, 11P4 ,  ,  ,  ,  ,  ,  ,
Bar Grating SS 36 x120  2 x3/16  Press-Locked - Qty: 30,Bar Grating , 30 ,  piece ,  Stainless Steel ,  Press-Locked ,  ,  ,  ,  ,  ,  ,  ,  ,  , Imperial ,  , 2 ,  ,  ,  ,  ,  ,  ,  ,  , 36 ,  ,  ,  ,  ,  , 0.1875 ,  , 120 ,,,  ,  ,  ,  ,  ,  ,
Bar Grating Galv. Steel 48 x120  1 x3/16  Welded - Qty: 60,Bar Grating , 60 ,  piece ,  Carbon Steel ,  Welded ,  ,  ,  Galvanized ,  ,  ,  ,  ,  ,  , Imperial ,  , 1 ,  ,  ,  ,  ,  ,  ,  ,  , 48 ,  ,  ,  ,  ,  , 0.1875 ,  , 120 ,,,  ,  ,  ,  ,  ,  ,
Bar Grating Alum. 36 x96  1-1/4 x1/8  Press-Locked - Qty: 40,Bar Grating , 40 ,  piece ,  Aluminum ,  Press-Locked ,  ,  ,  ,  ,  ,  ,  ,  ,  , Imperial ,  , 1.25 ,  ,  ,  ,  ,  ,  ,  ,  , 36 ,  ,  ,  ,  ,  , 0.125 ,  , 96 ,,,  ,  ,  ,  ,  ,  ,
Bar Grating SS 24 x120  2 x1/4  Riveted - Qty: 50,Bar Grating , 50 ,  piece ,  Stainless Steel ,  Riveted ,  ,  ,  ,  ,  ,  ,  ,  ,  , Imperial ,, 2 ,  ,  ,  ,  ,  ,  ,  ,  ,24,  ,  ,  ,  ,  , 0.25 ,  ,120,,,  ,  ,  ,  ,  ,  ,
Bar Grating Carbon Steel 36 x120  1-1/2 x3/16  Welded - Qty: 90,Bar Grating , 90 ,  piece ,  Carbon Steel ,  Welded ,  ,  ,  ,  ,  ,  ,  ,  ,  , Imperial ,  , 1.5 ,  ,  ,  ,  ,  ,  ,  ,  , 36 ,  ,  ,  ,  ,  , 0.1875 ,  , 120 ,,,  ,  ,  ,  ,  ,  ,
Bar Grating Galv. Steel 24 x96  1 x1/8  Press-Locked - Qty: 70,Bar Grating , 70 ,  piece ,  Carbon Steel ,  Press-Locked ,  ,  ,  Galvanized ,  ,  ,  ,  ,  ,  , Imperial ,  , 1 ,  ,  ,  ,  ,  ,  ,  ,  , 24 ,  ,  ,  ,  ,  , 0.125 ,  , 96 ,,,  ,  ,  ,  ,  ,  ,
Bar Grating Alum. 48 x120  1-1/4 x1/4  Riveted - Qty: 60,Bar Grating , 60 ,  piece ,  Aluminum ,  Riveted ,  ,  ,  ,  ,  ,  ,  ,  ,  , Imperial ,  , 1.25 ,  ,  ,  ,  ,  ,  ,  ,  , 48 ,  ,  ,  ,  ,  , 0.25 ,  , 120 ,,,  ,  ,  ,  ,  ,  ,
Bar Grating Carbon Steel 24 x120  1-1/2 x1/8  Press-Locked - Qty: 50,Bar Grating , 50 ,  piece ,  Carbon Steel ,  Press-Locked ,  ,  ,  ,  ,  ,  ,  ,  ,  , Imperial ,  , 1.5 ,  ,  ,  ,  ,  ,  ,  ,  , 24 ,  ,  ,  ,  ,  , 0.125 ,  , 120 ,,,  ,  ,  ,  ,  ,  ,